id;first_name;last_name;email;phone_number;hire_date
1;Lola;Rodriguez;Lily.Kihn75@yahoo.com;repurpose modular;2020-04-25T05:11:41
2;Brando;Gerhold;Jack.Crist@hotmail.com;frame Wooden;2020-04-24T22:29:36
3;Harmon;Marks;Nicholas_Ebert8@gmail.com;maximized;2020-04-25T07:24:57
4;Branson;Botsford;Sterling_Rau59@yahoo.com;backing up;2020-04-25T05:37:55
5;Jeromy;Kuhn;Gavin.Dibbert15@yahoo.com;Global;2020-04-24T18:05:13
6;Karson;Hamill;Eriberto14@hotmail.com;mobile Connecticut;2020-04-25T02:04:55
7;Ignatius;Champlin;Eunice20@gmail.com;Codes specifically reserved for testing purposes lime;2020-04-24T22:12:05
8;Kaela;Kihn;Erwin_Will64@yahoo.com;Decentralized;2020-04-24T23:20:30
9;Karli;Wilkinson;Monty17@gmail.com;rich Norfolk Island Kiribati;2020-04-25T09:19:07
10;Vicky;Keeling;Edwin52@gmail.com;Cambridgeshire Illinois;2020-04-25T12:54:30
