id;city;area;street_address;postal_code
1;Darlenefort;Program schemas;calculate program;Ghana Games magnetic
2;Millsland;back-end green virtual;e-enable feed;Wisconsin Frozen Forward
3;Lake Jovanburgh;Gold index;port neural;District
4;Candiceberg;Representative Car Granite;compressing;Investor
5;East Felixland;SCSI;Concrete sky blue;Bolivar Fuerte backing up
6;Boganmouth;Forward Refined Frozen Cheese Mali;Checking Account analyzer Licensed Fresh Salad;open-source help-desk
7;South Royce;Illinois Business-focused;RAM Money Market Account;Algeria Austria solutions
8;New Stellashire;mobile;redundant Pataca;turn-key Licensed
9;Lunamouth;fuchsia Technician;calculating Checking Account;Movies Democratic People's Republic of Korea synthesizing
10;North Pete;embrace Forward;1080p;TCP Mauritius
